id,edificio,habitaciones,banos,lat,lon,mascotas,tinaco,estacionamiento,activo,disponible,precio,arrendatario_id
1,Departamento,2,1,31.837439,-116.600537,True,True,1,True,True,11108,55
2,Casa,1,1,31.83654,-116.60602,False,False,0,True,False,7820,81
3,Departamento,2,1,31.8731589,-116.6139957,False,False,0,True,True,10000,61
4,Departamento,2,1,31.865719,-116.661857,True,True,1,False,True,55416,45
5,Casa,3,2,31.8643904,-116.6479655,True,True,0,True,True,46180,5
6,Departamento,2,1,31.882548,-116.61842,False,True,1,True,False,12000,2
7,Casa,3,2,31.869162,-116.648261,True,True,1,True,True,26000,20
8,Casa,3,2,31.913553,-116.690677,True,False,1,True,True,28000,68
9,Departamento,3,2,31.8940291,-116.6905213,False,True,1,True,True,29000,67
10,Departamento,3,1,31.888175,-116.6793,False,False,1,True,True,38000,39
11,Casa,2,1,31.831854,-116.230462,False,False,0,False,True,22000,73
12,Departamento,2,1,31.874783,-116.600071,False,False,1,False,True,27708,31
13,Casa,3,1,31.8692139,-116.6500032,True,True,1,True,True,35000,85
14,Departamento,3,1,31.869468,-116.650862,False,True,0,True,True,25000,6
15,Casa,3,1,31.8711238,-116.6435709,True,False,1,True,True,36000,10
16,Departamento,3,1,31.869973,-116.652085,True,True,0,True,True,21000,63
17,Casa,3,2,31.889222,-116.680925,True,False,1,True,True,25000,18
18,Casa,2,1,31.782522,-116.605479,True,True,1,True,True,31000,11
19,Casa,3,2,31.889222,-116.680925,False,True,0,True,True,22500,74
20,Departamento,3,2,31.9013772,-116.6963762,False,True,1,True,True,21000,12
21,Casa,1,1,30.5579738,-115.9341652,False,False,0,True,True,8000,33
22,Departamento,1,1,31.7707041,-116.5606171,False,True,0,True,True,5000,9
23,Casa,1,1,31.8884,-116.68,False,True,0,True,False,15000,41
24,Departamento,2,1,31.8259787,-116.5981635,True,False,0,True,False,15000,52
25,Departamento,1,1,31.9900954,-116.6381889,True,True,1,True,True,24014,37
26,Departamento,2,1,31.76793509,-116.5591572,False,True,1,True,True,10500,14
27,Casa,1,1,31.781154024397,-116.599656368933,True,True,1,True,True,11083,7
28,Departamento,1,1,31.82216805,-116.60103561,True,True,1,True,True,10000,24
29,Casa,3,2,31.90955791,-116.73520271,True,True,0,True,True,36944,25
30,Departamento,2,1,31.8664083,-116.668692,False,True,0,False,True,29555,26
31,Departamento,1,1,31.86435412147365,-116.6561579306543,False,False,0,True,True,20000,30
32,Departamento,4,2,31.867931,-116.6632183,True,True,1,True,True,24500,43
33,Departamento,4,2,31.8242256,-116.6018998,True,False,0,True,True,46180,54
34,Casa,2,1,31.86554943,-116.66382405,True,False,0,True,True,31402,40
35,Departamento,2,1,31.898561883750588,-116.69384108049545,True,True,0,True,True,20000,39
36,Departamento,2,1,31.896313,-116.6996104,True,False,0,True,False,30000,36
37,Casa,4,1,31.7858247,-116.6096395,False,True,1,True,True,35000,84
38,Casa,2,1,31.8716343,-116.6627045,True,True,0,False,True,26000,15
39,Casa,3,2,31.8891473,-116.681202,True,False,0,True,False,45000,42
40,Departamento,2,1,31.8395089,-116.6097319,False,False,1,False,True,20000,44
41,Casa,2,1,31.8538568,-116.6125879,False,False,1,True,True,16900,51
42,Departamento,1,1,31.8498971,-116.6122676,True,True,0,True,True,12000,72
43,Departamento,1,1,31.8646208,-116.663073,False,False,1,True,True,15701,22
44,Casa,2,1,31.888859,-116.605369,False,True,0,True,True,15000,83
45,Casa,3,1,31.8532018,-116.6037426,True,False,1,True,True,18000,5
46,Departamento,1,1,31.9059832,-116.7356484,False,False,1,True,False,12930,46
47,Departamento,3,1,31.8298196,-116.5936674,True,True,1,True,True,36944,8
48,Casa,3,1,31.8395089,-116.6097319,False,True,1,True,True,30000,4
49,Casa,3,2,31.8892222,-116.6809248,False,True,1,True,True,50000,75
50,Casa,3,1,31.8679339,-116.6337374,True,True,1,True,True,64652,19
51,Departamento,2,1,31.8754588,-116.6369106,False,True,1,True,True,20000,66
52,Casa,2,1,31.8754588,-116.6369106,True,False,1,True,False,18000,58
53,Departamento,3,1,31.866333,-116.635698,True,True,0,True,True,64652,78
54,Departamento,1,1,31.8664392,-116.635749,True,True,0,False,True,19000,82
55,Casa,1,1,31.896313,-116.6996104,False,False,1,True,True,18472,35
56,Departamento,2,1,31.8754588,-116.6369106,True,True,0,False,True,16000,56
57,Casa,1,1,31.8395089,-116.6097319,True,False,1,False,True,11000,47
58,Departamento,1,1,31.8704905,-116.6744116,True,False,0,True,True,11000,29
59,Casa,3,2,31.812778,-116.58935,False,False,0,True,False,23000,49
60,Departamento,2,1,32.095628,-116.572572,False,False,0,True,True,36944,60
61,Casa,2,1,31.855536,-116.604533,False,False,1,True,True,20319,66
62,Casa,1,1,31.881905,-116.606468,True,False,0,True,True,11000,50
63,Casa,1,1,31.881905,-116.606468,False,True,1,True,True,12000,79
64,Casa,3,2,31.88338,-116.639591,True,False,1,True,True,16000,16
65,Casa,5,1,31.854526,-116.597846,False,False,1,True,True,28000,32
66,Casa,2,1,31.89339,-116.68907,True,False,0,True,False,20319,1
67,Casa,4,2,32.003827778,-116.672597222,True,True,0,True,True,50798,71
68,Casa,4,1,31.819407594572,-116.59591879131,True,False,0,True,True,25000,17
69,Casa,4,1,31.81145548,-116.60520378,True,False,1,True,True,35000,83
70,Casa,2,1,31.9031,-116.729,False,False,1,True,False,35000,47
71,Casa,3,2,31.8939,-116.694,False,False,1,True,True,29500,48
72,Casa,5,1,31.82402704,-116.60514843,True,True,1,True,False,46000,3
73,Casa,2,1,31.388900278,-115.757641111,True,False,0,True,False,20319,69
74,Departamento,3,2,31.9009,-116.691,False,True,1,True,True,26000,59
75,Departamento,3,1,31.812480631952,-116.58971665428,False,False,0,True,True,16500,63
76,Casa,4,1,31.90683992615,-116.727703038409,False,False,1,True,False,55416,57
77,Departamento,3,2,31.904079202627,-116.574236316953,True,False,1,True,True,20000,76
78,Departamento,3,2,31.8893018,-116.6851939,False,True,1,True,True,18000,65
79,Casa,2,1,31.9166,-116.588,True,True,0,True,False,7500,61
80,Departamento,3,2,31.873405425081,-116.625732947412,False,False,1,False,False,30000,14
81,Departamento,2,1,31.815329,-116.5883546,False,False,1,False,True,9500,66
82,Casa,2,1,32.0683582,-116.6563926,True,True,0,True,True,18472,38
83,Departamento,1,1,32.07601588,-116.62624858,False,False,1,False,True,6000,80
84,Casa,3,1,31.796213359012,-116.584704893403,True,False,1,True,True,11700,10
85,Casa,2,1,31.811455483625,-116.605203778536,False,False,0,True,True,18500,33
86,Casa,3,1,31.779593350314,-116.596644045814,True,False,1,True,True,17500,68
87,Departamento,2,1,31.815329,-116.5883546,True,False,0,True,True,15500,64
88,Departamento,2,1,31.815329,-116.5883546,True,True,1,True,True,14500,70
89,Departamento,3,2,31.86390261375,-116.638056087168,True,False,0,True,True,20000,81
90,Casa,1,1,32.0996444,-116.5596254,False,True,0,True,True,3000,27
91,Departamento,1,1,31.9109,-116.599,True,False,1,False,True,11000,36
92,Departamento,2,1,31.9109,-116.599,True,False,1,True,True,14000,77
93,Casa,1,1,32.0996444,-116.5596254,True,True,1,True,False,1200,21
94,Departamento,1,1,32.0996444,-116.5596254,True,True,0,True,True,1600,13
95,Departamento,3,1,32.09484525,-116.859568,False,False,0,True,True,34173,49
96,Departamento,3,1,31.88907072,-116.6014608,False,False,1,True,False,11000,34
97,Casa,3,1,31.892145,-116.694361,False,True,0,False,True,26500,23
98,Departamento,3,1,31.8938,-116.693,True,False,1,True,True,51721,53
99,Departamento,2,1,31.869004,-116.65879,True,True,1,False,True,26000,28
100,Casa,2,1,31.886873,-116.6066911,True,False,0,True,True,10000,62
